{"title":"Quarto-Document","markdown":{"yaml":{"title":"Quarto-Document","editor":"visual","date":"rsys.date","author":" Document rédigé par Yatabare Cheikna Amala","lof":true,"toc":true,"execute":{"echo":true,"warning":false},"code-fold":true,"highlight-style":"github","format":{"html":{"code-fold":true,"html-math-method":"katex","df_print":"kable"},"pdf":{"geometry":["top=30mm","left=30mm"]},"docx":"default"},"fontsize":"12pt","linestretch":1.25},"headingText":"Introduction:","containsRefs":false,"markdown":"\n\n{{< pagebreak >}}\n\n![](images/th%20(2).jpg){fig-align=\"center\" width=\"895\"}\n\n{{< pagebreak >}}\n\n\n## **Qu'est ce que Quarto?**\n\nQuarto est un package de R developpé dans le but de produire des presentations, des rapports et des documents sous forme de fichier world, pdf ou html. De meme, elle a la possibilité de produire des presentations sous forme de fichier powerpoint(pptx). Ce package est une exetension du Rmarkdown que nous connaissons tous et qui est utilisé pour faire des documents. A la seule diffrence que Quarto est plus smart et facile à utilisé. nous n'utiliserons pratiquement pas de balise comme c'est le cas dans Rmarkdown pour les titres pour ne citer que cela. Nous vous invitons à suivre attentivement ce recapitulatif de Quarto que nous avons pris le temps de parfaire et esperons que quarto vous sera utile dans votre travail.\n\n## **Avantage de Quarto**\n\nTout comme Rmarkdown, Quarto a les memes fonctionnalités que Rmarkdown. En effet elle peut faire tout ce que Rmarkdown peut faire en allant de la generation des documents de qualité à de magnifiques presentation powerpoint. Son avantage par rapport à Rmarkdown reside dans sa facilité d'utilisation. Elle ne necessite pas la maitrise des differentes syntaxes d'ecriture comme le necessiterait Rmarkdown. On peut meme le comparer à l'ecriture d'un fichier sur microsoft office word à la seule difference qu'elle inclut l'utilisation de code que ce soit sur R, python, sql...\n\n## **Modèle de sortie d'un document Quarto**\n\nQuarto nous propose plusieurs modèle de sortie pour nos documents. En effet nous pouvons generer des documents sous format world, powerpoint, html, powerpoint. Elle nous offre une large game de document sous plusieurs extensions.\n\n## **Mettre du code dans un fichier Quarto**\n\nTout comme Rmarkdown, nous avons la possibilité d'inclure un grand nombre de zone pour inclure du code. En effet on appelle ces zones des chunks: Ces zones grisatres nous premettent d'inclure du code R, python, Sql, CSS, JAVA...\n\nl'utilisation de R est definie par defaut dans les chunks, donc nous n'avons pas besoin de packages specifiques pour pouvoir l'utiliser. Cependant à la difference des autres languages, elle necessite l'installation de certains packages par exemple dans le cas de python, il est necessaire d'installer le package reticulate pour pouvoir l'utiliser.\n\n## **Installation de Quarto**\n\nPour installer Quarto, il vous suffit de `l'installer` à partir de packages en installant Quarto directement à partir du CRAN.\n\nSi celà ne fonctionne pas, il suffit de reinstaller R et Rstudio et de reprendre la procedure. Apres quoi, vous pouvez maintenat l'installer à partir de de la fonction **library(quarto).** Enfin à partir de l'onglet file, vous avez accès à Quarto pour l'utiliser pleinement.\n\n# Utilisation de Quarto:\n\n## **Description de l'environnement de Quarto**\n\nLe document Quarto comprend 3 parties que sont **`l’en-tête (YAML)`**`, le texte et les blocs de codes` tous les trois forment le corps du document. Dans l’en-tete sont précisés des formats additionnels pour le document (Table de matières, références s’il y en a, des packages Latex à inclure si possible).\n\nQuelques astcuces que vous pouvez utilisez pour le corps du devoir:\n\n1.  **Insertion des titres**\n\n    Pour insérer un nouveau titre, nous utilisons sur la barre, l'onglet **`Normal`**. En effet, nous avons à l'interieur de cet onglet, plusieurs niveaux de titre que nous pourrons utiliser pour rendre plus esthetique nos presentations. nous avons jusqu'a 6 titres que nous pourrons utiliser.\n\n    **Titre 1: niveau 1**\n\n    **Titre 2: niveau 2**\n\n    **Titre 3: niveau 3**\n\n    **Titre 4: niveau 4**\n\n    **Titre 5: niveau 5**\n\n    **Titre 6: niveau 6**\n\n    par defaut le texte est sous format `Normal`\n\n2.  **Style du texte**\n\nPour écrire le texte en gras il suffit d'appuyer sur la touche **`B`** qui se trouve sur la barre, ou on peut appyer sur format pour l'obtenir (c'est ecrit B Bold).\n\nPour écrire le texte en Italique il suffit d'appuyer sur la touche **`I`** qui se trouve sur la barre, ou on peut appyer sur format pour l'obtenir (c'est ecrit I Italique).\n\nPour écrire le texte en Italique et en Gras il suffit d'appuyer sur la touche **`I`** et **`G`** qui se trouve sur la barre, ou on peut appyer sur format pour l'obtenir (c'est ecrit I Italique et G Bold).\n\nPour souligner un texte, il suffit d'aller dans l'onglet Format et d'appuyer sur [**`U`**]{.underline} (Underline).\n\nPour barrer un texte, il suffit d'allez dans l'onglet Format et au niveau de `Texte` on appuie sur `Strickout.`\n\nPour mettre un mot en exposant, il suffit d'aller dans Format et au niveau de `Texte` on appuie sur `Superscript`\n\nPour mettre un mot en indice, il suffit d'aller dans Format et au niveau de `Texte` on appuie sur `Subscript.`\n\nPour mettre un mot en majuscule ou en miniscule selon le format ou il initialement ecrit , il suffit d'aller dans Format et au niveau de `Texte` on appuie sur `Small Caps`**.**\n\n3.  **Mise en couleur**\n\n    Pour les mises en couleur, il faudra une maitrîse du langage CSS. Par exemple supposons que nous voulons metrre le texte suivant: `Je suis a l'ENSAE` en vert, je sélectionne d’abord mon texte , ensuite je vais dans `Format ⟹ Div` et dans l’attribut `CSS Style` je précise mon code pour la couleur. Cependant il peut arriver que je veuilles que seul mon texte `Etudiant` soit en vert. Là je fais la même chose mais au lieu d’insérer une div, j’insère un span.\n\n    comme illustration de ce qui a été dit\n\n    ::: {style=\"color: green;\"}\n    Je suis a l'ENSAE.\n    :::\n\n    pour mettre uniquement un element du texte en couleur on peut utilise la meme methode juste qu' a la difference on met un spam\n\n    par exemple\n\n    ::: {style=\"color: red;\"}\n    Etudiant\n    :::\n\n4.  **Bordure de texte**\n\n    pour encadrer un texte, il faut egalement utilisé du css. On peut encadrer tout le texte ou une partie du texte.\n\n    comme illustration de ce qui a été dit:\n\n::: {style=\"border: 1px solid yellow; padding: 10px;\"}\nJe suis à l'ENSAE de Dakar\n:::\n\n5.  Mise en forme (positionnement de texte):\n\n    Pour la position du texte (centrée, justifié, à droite ou à gauche)nous utilisont du code CSS. Nous utilisons les elements suivants:\n\n    pour centrer un texte on utilise `text-align; center;`\n\n::: {style=\"text-align: center;\"}\nTexte Centré : je suis en ISE1 Eco\n:::\n\nPour mettre le texte à gauche nous utilisons: t`ext-align; left;`\n\n::: {style=\"text-align: left;\"}\nText Centrée à gauche Je suis en ISE1 math\n:::\n\nPour mettre le texte à droite nous utilisons: `text-align; right;`\n\n::: {style=\"text-align: right;\"}\nJe suis en ISE1 Cycle long\n:::\n\n## **Description du YAML(En tete d'un fichier quarto)**\n\nPour definir le titre dans l'entete, il suffit de mettre `Title: \"Nom du document\"`\n\nPour definir le sous titre dans l'entete, il suffit de mettre Subtitle: \"Sous titre\"\n\nPour definir les auteurs dans l'entete, il suffit de mettre Authors: `\"YATABARE-Hamid-Sadibou-Maty\"`\n\nPour definir la date dans l'entete, il suffit de mettre **date: 14/03/2024**\n\nPour definir la table de matiere dans l'entete, il suffit de mettre\n\n**Output:**\n\n> **html_document:**\n\n> **pour mettre une table de matiere**\n\n> **toc : true**\n\n> **Pour mettre des numeros de lignes**\n\n> **number_sections:true**\n\n> **Pour avoir une table de matieres flottantes**\n\n> **toc-float: true**\n>\n> **toc-title:** pour le titre de la table de matière\n>\n> **lof:** pour afficher la liste des figures\n>\n> **lot:** pour afficher la liste des tableau.\n>\n> **code-line-numbers:** pour afficher le numero de ligne dans les blocks de code.\n\nPour la sortie du document, on peut decider d'afficher le document avec les codes et les erreurs ou pas. Pour ne pas les afficher, on peut proceder de la sorte:\n\n> **execute:**\n\n> **echo:** false\n\n> **warning:** false\n\nDe meme on a la possibilité d'inclure le code avec les resulats ou pas:\n\non le fait de la sorte:\n\n**include** : TRUE/FALSE\n\n**output** : false/true pour afficher les resulats des chunks ou pas.\n\n**include-before-body :** pour afficher la table de matiere au debut du fichier.\n\n**include-after-body** : pour afficher la table de matiere enfin du fichier.\n\n**code-fold: true** pour afficher un zone d'affichage du code quand on veut ou pas. cela est possible uniquement avec les fichier avec des sortie html.\n\nl'instruction ci-dessous permet de generer les 3 fichiers à savoir html, pdf, word directement à partir du YAML.\n\n**format:**\n\n**html:**\n\n| **code-fold: true**\n\n| **html-math-method: katex**\n\n**pdf:**\n\n**geometry:**\n\n| **-top=30mm**\n\n| **- left=30mm**\n| \n\n**docx: default**\n\npour donner un aspect esthetique a votre sortie pour les codes vous pouvez utiliser egalement le code suivant :\n\nhighlight-style: github\n\ncela permet de donner un sortie beaucoup plus jolie a votre document\n\n## **Presentation des chunks codes**\n\nQuarto dispose d'une large game de chunk pour different format de langage: nous vous presenterons la forme de certains langage de programmation couramment utilisé sur des fichiers Quarto\n\n> Pour les codes R, l'affichage est le suivant:\n\n```{r}\nlibrary(ggplot2) \nhead(iris) \n```\n\n```{r}\nggplot(iris ,aes(x = Sepal.Length , y = Sepal.Width))+          \n  geom_smooth()\n```\n\nDonc nous avons la possibilité de realiser des graphiques et de faire tous ce que l'on pouvait faire d'habitude sur R.\n\n> Pour les codes python nous pouvons proceder de la sorte:\n\nnous avons au niveau de la barre des onglets **Insert** et on appuie sur **Excecutive Cell** a partir de la nous pouvons choisir python pour obtenir un chunk python. Mais bien avant, il faudra avoir installer le package **reticulate**.\n\n```{python}\nfor i in range(10):   \n  print(i)\n```\n\nDonc vous voyez deja que l'on peut faire du python sur R. il est possible pour nos travaux d'utiliser les modules pandas ou numpy selon le travail que l'on aimerait faire.\n\nQuarto dispose d'une possibilité d'inclure plusieurs langage a partir de cette commande que voici: **code block.** On peut l'obtenir à partir de **insert** et on appuie sur code block. A partir de cela, on met le langage de programmation que l'on souhaite utiliser bien sur en ayant le package necessaire pour l'utiliser sur R.\n\n> ## Etablir une table de matière:\n\nCela se fait au niveau dU YAML. Nous y avons donnée en detail tous les éléments de comment cela se passe dans la section YAML.\n\n## **Numerotation des sections:**\n\nPour creer une numeration sur quarto, il suffit d'aller au niveau de `Format` et à l'interieur on à l'onglet `Bullet et Numbering` qui permet de creer des listes. Ces listes peuvent etre ordonnées ou non selon ce que l'on veut faire. par exemple:\n\n-   Yatabare\n\n-   Hamib\n\n-   Sadibou\n\n-   Maty\n\n    liste non ordonnée\n\n    Ou on peut proceder par numerotation:\n\n1.  Maty\n\n2.  Sadibou\n\n3.  Hamib\n\n4.  Yatabare\n\n    liste ordonnée\n\n## **Insertion d'image :**\n\nPour inserer une image dans un fichier Quarto, il suffit d'appuyer sur l'onglet **Insert** situé sur la barre des taches et de selectionner **Figure/image.** A partir de cette commande, vous aurez la possibilité d'inclure tout les types de fichier dont vous aurez envie que ce soit de jpeg on du png.\n\nPar exemple pour du jpeg:\n\n![`carte du senegal`](data/carte-departements-senegal.jpg)\n\nVous avez egalement la possibilité de donner un titre à vos images. En effet en voulant l'inserer vous avons `caption` qui vous permet de mettre le titre de vos images.\n\nMaintenant il peut arriver qu’on veuille insérer deux image l’une à coté de l’autre et non l’une après l’autre. Pour cela, nous devons insérer d’abord une div et préciser dans son attribut other que notre div contient 2 colonnes par `layout-ncol= 2`\n\nEn voici un exemple\n\n::: {layout-ncol=\"2\"}\n![](images/th%20(2).jpg)\n\n![](images/clipboard-2025706921.jpeg){fig-alt=\"Erreur\"}\n:::\n\n<div>\n\n{layout-ncol =\" 2\" fig-align=\"left\"}\n\n</div>\n\nDe meme, on peut positionner l'image que nous voulons que ce soit à gauche, à droite ou au milieu. Cela s'effectue toujours à partir de figure ou on peut selectionner l'option qui nous convient.\n\nEgalement au lieu de telecharger le fichier on peut inclure le lien(URL) du fichier si celui ci se trouve sur internet. Toujours cela se passe toujour de la meme facon que le telechargement juste qu'il faut inclure l'URL à la place de l'image.\n\nAussi nous avons la possibilité d'inserer 2 ou plusieur images l'un à coté de l'autre. Cela se fait de cette manière:\n\n```{r}\nlibrary(ggplot2) \nlibrary(gridExtra) \n\nplot1 <- ggplot(cars, aes(x = speed, y = dist, color = \"blue\")) +  \n  geom_point(alpha = 0.5)  \n  \n\nplot2 <- ggplot(cars, aes(x = speed, y = dist, color = \"yellow\")) +\n  geom_smooth (alpha = 0.5) \n  \ngrid.arrange(plot1, plot2, ncol = 2)\n```\n\n## Insertion de Liens (Url, etc.)\n\nPour mettre un lien dans un fichier Quarto, la methode est simple, il faudra aller dans `Insert`. sur la base des onglets et selectionner `link` .Ensuite mettre le lien et préciser le texte à afficher et sur lequel cliquer pour avoir la page. Voici un exemple:\n\n[Utiliser Quarto sur VScode](https://quarto.org/docs/tools/vscode.html)\n\nsur Ce lien, il est expliqué comment utiliser directement quarto sur VScode pour ceux et celle qui voudront l'utiliser. A la difference de Rstudio, elle utilise d'autres commande.\n\n## **Insertion de tableau:**\n\n-   pour inserer des tableaux dans un fichier Quarto, la methode est simple. Il suffit de selectionner `Table` qui se trouve au dessus sur la barre des onglets. Ainsi, Quarto vous offre la possibilité de choisir le nombre de lignes et de colonnes selon notre convenance. Par exemple , pour creer un tableau de 2 lignes et de 2 colonnes. On peut proceder ainsi:\n\n    | Variables |     effectifs     |\n    |-----------|:-----------------:|\n    | sexe      | masculin; feminin |\n    | age       |    0 à 21 ans     |\n\nautres exemple, nous pouvons donner un tableau à 4 lignes et 1 colonnes:\n\nnous pouvons egalement decider de placer le tableau à gauche, a droite, ou au milieu. On peut le faire avec l'option `Table` et ensuite on selectionne `align column` et on choisit l'option selon notre travail.\n\n| Ensae |\n|:-----:|\n| ISE1  |\n| ISEP3 |\n|  AS1  |\n| ISE2  |\n\n| Nom     | prenom  | classe |\n|---------|---------|--------|\n| NGOM    | Sadibou | ISE1   |\n| Kone    | Chaka   | ISE1   |\n| Sangare | Gnaleen | ISE1   |\n\nSupposons mainteant que l'on veuille commenter le tableau mais que le commentaire se trouve à gauche du tableau. On place alors dans notre précédente div un texte à la place du deuxième tableau. voici un exemple:\n\n::: {layout-ncol=\"2\"}\n![](images/th%20(2).jpg)\n\nC'est le logo de Quarto. Donc vous vyez bien que cela se met sur l'autrecoté de la figure.\n:::\n\n# Personnalisation du document\n\n## Insertion de page dans un fichier quarto:\n\nPour inserer une page dans un fichiier quarto la demarche est la suivante: ils suffit d'aller dans l'option `Insert` et de selectionner `shortcode` a l'interieur de duquel on doit mettre cette instruction `{{<pagebreak>}}`\n\n{{< pagebreak >}}\n\n## Inserer des notes de bas de page:\n\nIl suffit d'insérer des notes de bas de page juste après le mot concerné. Pour cela cliquez `Insert - Footnote` . Ainsi, Une sorte de nouvelle page apparait en bas avec le numéro du bas de page que vous insérez.\n\nPar exemple. Quarto est semblable a Rmarkdown[^1].\n\n[^1]: le groupe sur Rmarkdown nous expliquera ce que designe reelement Rmarkdown\n\n## Insertion de formule\n\nil est à noté que l'ensemble des formules saisi dans un fichier Quarto necessite l'utilisation de code latex. Quarto nous facilite son utilisation, en effet dans l'onglet **Insert** on a **LaTEX Math** nous permet e saisir du code pour les formules. par exemple, nous pouvons utiliser du inline Math ou du display math selon la strcture de notre formule :\n\nPar exemple:\n\n1.  $$\n    E=mC^2 \n    $$ {#eq-lorenz}\n\n    ## Insérer des symboles ou emoji\n\n    On peut insérer les symboles dans Quarto en allant dans l'onglet `Insert - Special Character - Insert Unicode` ou encore `Insert - special character - Insert Emoji`\n\n    par exemple\n\n    je suis content😊\n\n    ## Insérer des liens hypertextes {#emoji}\n\n    On peut insérer egalement des des liens hypertextes vers des équations ou encore vers un tableau, une figure ou encore des titres. Pour ce faire il faudra d'abord préciser dans attributs l'ID du titre, texte ou figure. Ensuite vous allez dans l'onglet `Insert - Cross reference`.\n\n    Allez à @eq-lorenz\n\n    ## Insérer des notes\n\n    Si nous voulons mettre en exergue quelque chose dans un document, nous pouvons le faire en insérant un note `(callout)` en précisant le type que nous voulons `(Important, note...).`\n\n    par exemple:\n\n    ::: callout-important\n    **A retenir**\n\n    Ce texte est très important\n    :::\n\n    ::: callout-warning\n    **NB:**\n\n    Revoyez votre comportement.\n    :::\n\n    ## Insérer des références bibliothèque\n\n    Pour insérer une citation tirée d'un document pendant que nous écrivons, nous devons connaitre le DOI de la source. Le DOI est un identifiant que chaque article en ligne a et c'est propre à cet article. Autrement, deux artciles ne peuvent pas avoir le mm DOI.\n\n    Pour ce faire une fois que nous avons écrit notre citation, pour la sourcer nous insérons le DOI du fichier dans `Insert - Citation - DOI` et nous ajoutons le DOI du fichier. Automatiquement il insère ce fichier dans notre référence bibligraphique en bas. Ainsi il est important d'insérer un titre référence après le document que nous écrivons.\n\n    Par exmple\n\n    La vulgariation scientique est un prealable au developpement de l'Afrique [@coulombe2009].\n\n    ## Diagrammes:\n\n    Nous avons la possibilité d'inclure des diagrammes sur un fichier Quarto. Cela necessite la maitrise de Mermaid et de Graphviz. Par exemple on a:\n\n    ```{mermaid}\n    flowchart LR   \n    A[ISE1] --> B(ISE2)  \n    B --> C{ISE3}  \n    C --> D[Evaluation d'impact]  \n    C --> E[Finance] \n    ```\n\nceci est un exemple de diagramme fait avec mermaid.\n\nde me nous pouvons utiliser du graphViz pour nos diagrammes; voici un exemple de diagramme\n\n```{dot}\ngraph G {\n  layout=neato\n  courir -- intr;\n  intr -- runbl;\n  runbl -- courir;\n  run -- noyau;\n  noyau -- zombie;\n  noyau -- dormir;\n  noyau -- runmem;\n  dormir -- swap;\n  swap -- runswap;\n  runswap -- nouveau;\n  runswap -- runmem;\n  nouveau -- runmem;\n  dormir -- runmem;\n  \n}\n```\n\nCela vous montre à quel point Quarto regroupe une large gamme de fonctionalité que vous pourrez utiliser dans vos travail.\n\nEgalement il est possible d'ajouter des forme sur un fichier :\n\npar exemple nous pouvons utiliser la syntaxe suivante dans un div `background: #2780e3; width: 350px; height: 350px; border-radius: 100px;`\n\n::: {style=\"background: #2780e3; width: 350px; height: 350px; border-radius: 100px;\"}\n:::\n\nEnfin, nous pouvons ajouter des notes à notre document Quarto en tilisant cette syntaxe:\n\n::: callout-note\nNous sommes ouvert à vos: `recommendations`, `conseils` et `suggestions.`\n\nMerci D'avoir pris du temps de visualiser cet document.\n:::\n\n***Ceci met fin a notre document, nous esperons que vous l'avez apprecié.***😊\n","srcMarkdownNoYaml":"\n\n{{< pagebreak >}}\n\n![](images/th%20(2).jpg){fig-align=\"center\" width=\"895\"}\n\n{{< pagebreak >}}\n\n# Introduction:\n\n## **Qu'est ce que Quarto?**\n\nQuarto est un package de R developpé dans le but de produire des presentations, des rapports et des documents sous forme de fichier world, pdf ou html. De meme, elle a la possibilité de produire des presentations sous forme de fichier powerpoint(pptx). Ce package est une exetension du Rmarkdown que nous connaissons tous et qui est utilisé pour faire des documents. A la seule diffrence que Quarto est plus smart et facile à utilisé. nous n'utiliserons pratiquement pas de balise comme c'est le cas dans Rmarkdown pour les titres pour ne citer que cela. Nous vous invitons à suivre attentivement ce recapitulatif de Quarto que nous avons pris le temps de parfaire et esperons que quarto vous sera utile dans votre travail.\n\n## **Avantage de Quarto**\n\nTout comme Rmarkdown, Quarto a les memes fonctionnalités que Rmarkdown. En effet elle peut faire tout ce que Rmarkdown peut faire en allant de la generation des documents de qualité à de magnifiques presentation powerpoint. Son avantage par rapport à Rmarkdown reside dans sa facilité d'utilisation. Elle ne necessite pas la maitrise des differentes syntaxes d'ecriture comme le necessiterait Rmarkdown. On peut meme le comparer à l'ecriture d'un fichier sur microsoft office word à la seule difference qu'elle inclut l'utilisation de code que ce soit sur R, python, sql...\n\n## **Modèle de sortie d'un document Quarto**\n\nQuarto nous propose plusieurs modèle de sortie pour nos documents. En effet nous pouvons generer des documents sous format world, powerpoint, html, powerpoint. Elle nous offre une large game de document sous plusieurs extensions.\n\n## **Mettre du code dans un fichier Quarto**\n\nTout comme Rmarkdown, nous avons la possibilité d'inclure un grand nombre de zone pour inclure du code. En effet on appelle ces zones des chunks: Ces zones grisatres nous premettent d'inclure du code R, python, Sql, CSS, JAVA...\n\nl'utilisation de R est definie par defaut dans les chunks, donc nous n'avons pas besoin de packages specifiques pour pouvoir l'utiliser. Cependant à la difference des autres languages, elle necessite l'installation de certains packages par exemple dans le cas de python, il est necessaire d'installer le package reticulate pour pouvoir l'utiliser.\n\n## **Installation de Quarto**\n\nPour installer Quarto, il vous suffit de `l'installer` à partir de packages en installant Quarto directement à partir du CRAN.\n\nSi celà ne fonctionne pas, il suffit de reinstaller R et Rstudio et de reprendre la procedure. Apres quoi, vous pouvez maintenat l'installer à partir de de la fonction **library(quarto).** Enfin à partir de l'onglet file, vous avez accès à Quarto pour l'utiliser pleinement.\n\n# Utilisation de Quarto:\n\n## **Description de l'environnement de Quarto**\n\nLe document Quarto comprend 3 parties que sont **`l’en-tête (YAML)`**`, le texte et les blocs de codes` tous les trois forment le corps du document. Dans l’en-tete sont précisés des formats additionnels pour le document (Table de matières, références s’il y en a, des packages Latex à inclure si possible).\n\nQuelques astcuces que vous pouvez utilisez pour le corps du devoir:\n\n1.  **Insertion des titres**\n\n    Pour insérer un nouveau titre, nous utilisons sur la barre, l'onglet **`Normal`**. En effet, nous avons à l'interieur de cet onglet, plusieurs niveaux de titre que nous pourrons utiliser pour rendre plus esthetique nos presentations. nous avons jusqu'a 6 titres que nous pourrons utiliser.\n\n    **Titre 1: niveau 1**\n\n    **Titre 2: niveau 2**\n\n    **Titre 3: niveau 3**\n\n    **Titre 4: niveau 4**\n\n    **Titre 5: niveau 5**\n\n    **Titre 6: niveau 6**\n\n    par defaut le texte est sous format `Normal`\n\n2.  **Style du texte**\n\nPour écrire le texte en gras il suffit d'appuyer sur la touche **`B`** qui se trouve sur la barre, ou on peut appyer sur format pour l'obtenir (c'est ecrit B Bold).\n\nPour écrire le texte en Italique il suffit d'appuyer sur la touche **`I`** qui se trouve sur la barre, ou on peut appyer sur format pour l'obtenir (c'est ecrit I Italique).\n\nPour écrire le texte en Italique et en Gras il suffit d'appuyer sur la touche **`I`** et **`G`** qui se trouve sur la barre, ou on peut appyer sur format pour l'obtenir (c'est ecrit I Italique et G Bold).\n\nPour souligner un texte, il suffit d'aller dans l'onglet Format et d'appuyer sur [**`U`**]{.underline} (Underline).\n\nPour barrer un texte, il suffit d'allez dans l'onglet Format et au niveau de `Texte` on appuie sur `Strickout.`\n\nPour mettre un mot en exposant, il suffit d'aller dans Format et au niveau de `Texte` on appuie sur `Superscript`\n\nPour mettre un mot en indice, il suffit d'aller dans Format et au niveau de `Texte` on appuie sur `Subscript.`\n\nPour mettre un mot en majuscule ou en miniscule selon le format ou il initialement ecrit , il suffit d'aller dans Format et au niveau de `Texte` on appuie sur `Small Caps`**.**\n\n3.  **Mise en couleur**\n\n    Pour les mises en couleur, il faudra une maitrîse du langage CSS. Par exemple supposons que nous voulons metrre le texte suivant: `Je suis a l'ENSAE` en vert, je sélectionne d’abord mon texte , ensuite je vais dans `Format ⟹ Div` et dans l’attribut `CSS Style` je précise mon code pour la couleur. Cependant il peut arriver que je veuilles que seul mon texte `Etudiant` soit en vert. Là je fais la même chose mais au lieu d’insérer une div, j’insère un span.\n\n    comme illustration de ce qui a été dit\n\n    ::: {style=\"color: green;\"}\n    Je suis a l'ENSAE.\n    :::\n\n    pour mettre uniquement un element du texte en couleur on peut utilise la meme methode juste qu' a la difference on met un spam\n\n    par exemple\n\n    ::: {style=\"color: red;\"}\n    Etudiant\n    :::\n\n4.  **Bordure de texte**\n\n    pour encadrer un texte, il faut egalement utilisé du css. On peut encadrer tout le texte ou une partie du texte.\n\n    comme illustration de ce qui a été dit:\n\n::: {style=\"border: 1px solid yellow; padding: 10px;\"}\nJe suis à l'ENSAE de Dakar\n:::\n\n5.  Mise en forme (positionnement de texte):\n\n    Pour la position du texte (centrée, justifié, à droite ou à gauche)nous utilisont du code CSS. Nous utilisons les elements suivants:\n\n    pour centrer un texte on utilise `text-align; center;`\n\n::: {style=\"text-align: center;\"}\nTexte Centré : je suis en ISE1 Eco\n:::\n\nPour mettre le texte à gauche nous utilisons: t`ext-align; left;`\n\n::: {style=\"text-align: left;\"}\nText Centrée à gauche Je suis en ISE1 math\n:::\n\nPour mettre le texte à droite nous utilisons: `text-align; right;`\n\n::: {style=\"text-align: right;\"}\nJe suis en ISE1 Cycle long\n:::\n\n## **Description du YAML(En tete d'un fichier quarto)**\n\nPour definir le titre dans l'entete, il suffit de mettre `Title: \"Nom du document\"`\n\nPour definir le sous titre dans l'entete, il suffit de mettre Subtitle: \"Sous titre\"\n\nPour definir les auteurs dans l'entete, il suffit de mettre Authors: `\"YATABARE-Hamid-Sadibou-Maty\"`\n\nPour definir la date dans l'entete, il suffit de mettre **date: 14/03/2024**\n\nPour definir la table de matiere dans l'entete, il suffit de mettre\n\n**Output:**\n\n> **html_document:**\n\n> **pour mettre une table de matiere**\n\n> **toc : true**\n\n> **Pour mettre des numeros de lignes**\n\n> **number_sections:true**\n\n> **Pour avoir une table de matieres flottantes**\n\n> **toc-float: true**\n>\n> **toc-title:** pour le titre de la table de matière\n>\n> **lof:** pour afficher la liste des figures\n>\n> **lot:** pour afficher la liste des tableau.\n>\n> **code-line-numbers:** pour afficher le numero de ligne dans les blocks de code.\n\nPour la sortie du document, on peut decider d'afficher le document avec les codes et les erreurs ou pas. Pour ne pas les afficher, on peut proceder de la sorte:\n\n> **execute:**\n\n> **echo:** false\n\n> **warning:** false\n\nDe meme on a la possibilité d'inclure le code avec les resulats ou pas:\n\non le fait de la sorte:\n\n**include** : TRUE/FALSE\n\n**output** : false/true pour afficher les resulats des chunks ou pas.\n\n**include-before-body :** pour afficher la table de matiere au debut du fichier.\n\n**include-after-body** : pour afficher la table de matiere enfin du fichier.\n\n**code-fold: true** pour afficher un zone d'affichage du code quand on veut ou pas. cela est possible uniquement avec les fichier avec des sortie html.\n\nl'instruction ci-dessous permet de generer les 3 fichiers à savoir html, pdf, word directement à partir du YAML.\n\n**format:**\n\n**html:**\n\n| **code-fold: true**\n\n| **html-math-method: katex**\n\n**pdf:**\n\n**geometry:**\n\n| **-top=30mm**\n\n| **- left=30mm**\n| \n\n**docx: default**\n\npour donner un aspect esthetique a votre sortie pour les codes vous pouvez utiliser egalement le code suivant :\n\nhighlight-style: github\n\ncela permet de donner un sortie beaucoup plus jolie a votre document\n\n## **Presentation des chunks codes**\n\nQuarto dispose d'une large game de chunk pour different format de langage: nous vous presenterons la forme de certains langage de programmation couramment utilisé sur des fichiers Quarto\n\n> Pour les codes R, l'affichage est le suivant:\n\n```{r}\nlibrary(ggplot2) \nhead(iris) \n```\n\n```{r}\nggplot(iris ,aes(x = Sepal.Length , y = Sepal.Width))+          \n  geom_smooth()\n```\n\nDonc nous avons la possibilité de realiser des graphiques et de faire tous ce que l'on pouvait faire d'habitude sur R.\n\n> Pour les codes python nous pouvons proceder de la sorte:\n\nnous avons au niveau de la barre des onglets **Insert** et on appuie sur **Excecutive Cell** a partir de la nous pouvons choisir python pour obtenir un chunk python. Mais bien avant, il faudra avoir installer le package **reticulate**.\n\n```{python}\nfor i in range(10):   \n  print(i)\n```\n\nDonc vous voyez deja que l'on peut faire du python sur R. il est possible pour nos travaux d'utiliser les modules pandas ou numpy selon le travail que l'on aimerait faire.\n\nQuarto dispose d'une possibilité d'inclure plusieurs langage a partir de cette commande que voici: **code block.** On peut l'obtenir à partir de **insert** et on appuie sur code block. A partir de cela, on met le langage de programmation que l'on souhaite utiliser bien sur en ayant le package necessaire pour l'utiliser sur R.\n\n> ## Etablir une table de matière:\n\nCela se fait au niveau dU YAML. Nous y avons donnée en detail tous les éléments de comment cela se passe dans la section YAML.\n\n## **Numerotation des sections:**\n\nPour creer une numeration sur quarto, il suffit d'aller au niveau de `Format` et à l'interieur on à l'onglet `Bullet et Numbering` qui permet de creer des listes. Ces listes peuvent etre ordonnées ou non selon ce que l'on veut faire. par exemple:\n\n-   Yatabare\n\n-   Hamib\n\n-   Sadibou\n\n-   Maty\n\n    liste non ordonnée\n\n    Ou on peut proceder par numerotation:\n\n1.  Maty\n\n2.  Sadibou\n\n3.  Hamib\n\n4.  Yatabare\n\n    liste ordonnée\n\n## **Insertion d'image :**\n\nPour inserer une image dans un fichier Quarto, il suffit d'appuyer sur l'onglet **Insert** situé sur la barre des taches et de selectionner **Figure/image.** A partir de cette commande, vous aurez la possibilité d'inclure tout les types de fichier dont vous aurez envie que ce soit de jpeg on du png.\n\nPar exemple pour du jpeg:\n\n![`carte du senegal`](data/carte-departements-senegal.jpg)\n\nVous avez egalement la possibilité de donner un titre à vos images. En effet en voulant l'inserer vous avons `caption` qui vous permet de mettre le titre de vos images.\n\nMaintenant il peut arriver qu’on veuille insérer deux image l’une à coté de l’autre et non l’une après l’autre. Pour cela, nous devons insérer d’abord une div et préciser dans son attribut other que notre div contient 2 colonnes par `layout-ncol= 2`\n\nEn voici un exemple\n\n::: {layout-ncol=\"2\"}\n![](images/th%20(2).jpg)\n\n![](images/clipboard-2025706921.jpeg){fig-alt=\"Erreur\"}\n:::\n\n<div>\n\n{layout-ncol =\" 2\" fig-align=\"left\"}\n\n</div>\n\nDe meme, on peut positionner l'image que nous voulons que ce soit à gauche, à droite ou au milieu. Cela s'effectue toujours à partir de figure ou on peut selectionner l'option qui nous convient.\n\nEgalement au lieu de telecharger le fichier on peut inclure le lien(URL) du fichier si celui ci se trouve sur internet. Toujours cela se passe toujour de la meme facon que le telechargement juste qu'il faut inclure l'URL à la place de l'image.\n\nAussi nous avons la possibilité d'inserer 2 ou plusieur images l'un à coté de l'autre. Cela se fait de cette manière:\n\n```{r}\nlibrary(ggplot2) \nlibrary(gridExtra) \n\nplot1 <- ggplot(cars, aes(x = speed, y = dist, color = \"blue\")) +  \n  geom_point(alpha = 0.5)  \n  \n\nplot2 <- ggplot(cars, aes(x = speed, y = dist, color = \"yellow\")) +\n  geom_smooth (alpha = 0.5) \n  \ngrid.arrange(plot1, plot2, ncol = 2)\n```\n\n## Insertion de Liens (Url, etc.)\n\nPour mettre un lien dans un fichier Quarto, la methode est simple, il faudra aller dans `Insert`. sur la base des onglets et selectionner `link` .Ensuite mettre le lien et préciser le texte à afficher et sur lequel cliquer pour avoir la page. Voici un exemple:\n\n[Utiliser Quarto sur VScode](https://quarto.org/docs/tools/vscode.html)\n\nsur Ce lien, il est expliqué comment utiliser directement quarto sur VScode pour ceux et celle qui voudront l'utiliser. A la difference de Rstudio, elle utilise d'autres commande.\n\n## **Insertion de tableau:**\n\n-   pour inserer des tableaux dans un fichier Quarto, la methode est simple. Il suffit de selectionner `Table` qui se trouve au dessus sur la barre des onglets. Ainsi, Quarto vous offre la possibilité de choisir le nombre de lignes et de colonnes selon notre convenance. Par exemple , pour creer un tableau de 2 lignes et de 2 colonnes. On peut proceder ainsi:\n\n    | Variables |     effectifs     |\n    |-----------|:-----------------:|\n    | sexe      | masculin; feminin |\n    | age       |    0 à 21 ans     |\n\nautres exemple, nous pouvons donner un tableau à 4 lignes et 1 colonnes:\n\nnous pouvons egalement decider de placer le tableau à gauche, a droite, ou au milieu. On peut le faire avec l'option `Table` et ensuite on selectionne `align column` et on choisit l'option selon notre travail.\n\n| Ensae |\n|:-----:|\n| ISE1  |\n| ISEP3 |\n|  AS1  |\n| ISE2  |\n\n| Nom     | prenom  | classe |\n|---------|---------|--------|\n| NGOM    | Sadibou | ISE1   |\n| Kone    | Chaka   | ISE1   |\n| Sangare | Gnaleen | ISE1   |\n\nSupposons mainteant que l'on veuille commenter le tableau mais que le commentaire se trouve à gauche du tableau. On place alors dans notre précédente div un texte à la place du deuxième tableau. voici un exemple:\n\n::: {layout-ncol=\"2\"}\n![](images/th%20(2).jpg)\n\nC'est le logo de Quarto. Donc vous vyez bien que cela se met sur l'autrecoté de la figure.\n:::\n\n# Personnalisation du document\n\n## Insertion de page dans un fichier quarto:\n\nPour inserer une page dans un fichiier quarto la demarche est la suivante: ils suffit d'aller dans l'option `Insert` et de selectionner `shortcode` a l'interieur de duquel on doit mettre cette instruction `{{<pagebreak>}}`\n\n{{< pagebreak >}}\n\n## Inserer des notes de bas de page:\n\nIl suffit d'insérer des notes de bas de page juste après le mot concerné. Pour cela cliquez `Insert - Footnote` . Ainsi, Une sorte de nouvelle page apparait en bas avec le numéro du bas de page que vous insérez.\n\nPar exemple. Quarto est semblable a Rmarkdown[^1].\n\n[^1]: le groupe sur Rmarkdown nous expliquera ce que designe reelement Rmarkdown\n\n## Insertion de formule\n\nil est à noté que l'ensemble des formules saisi dans un fichier Quarto necessite l'utilisation de code latex. Quarto nous facilite son utilisation, en effet dans l'onglet **Insert** on a **LaTEX Math** nous permet e saisir du code pour les formules. par exemple, nous pouvons utiliser du inline Math ou du display math selon la strcture de notre formule :\n\nPar exemple:\n\n1.  $$\n    E=mC^2 \n    $$ {#eq-lorenz}\n\n    ## Insérer des symboles ou emoji\n\n    On peut insérer les symboles dans Quarto en allant dans l'onglet `Insert - Special Character - Insert Unicode` ou encore `Insert - special character - Insert Emoji`\n\n    par exemple\n\n    je suis content😊\n\n    ## Insérer des liens hypertextes {#emoji}\n\n    On peut insérer egalement des des liens hypertextes vers des équations ou encore vers un tableau, une figure ou encore des titres. Pour ce faire il faudra d'abord préciser dans attributs l'ID du titre, texte ou figure. Ensuite vous allez dans l'onglet `Insert - Cross reference`.\n\n    Allez à @eq-lorenz\n\n    ## Insérer des notes\n\n    Si nous voulons mettre en exergue quelque chose dans un document, nous pouvons le faire en insérant un note `(callout)` en précisant le type que nous voulons `(Important, note...).`\n\n    par exemple:\n\n    ::: callout-important\n    **A retenir**\n\n    Ce texte est très important\n    :::\n\n    ::: callout-warning\n    **NB:**\n\n    Revoyez votre comportement.\n    :::\n\n    ## Insérer des références bibliothèque\n\n    Pour insérer une citation tirée d'un document pendant que nous écrivons, nous devons connaitre le DOI de la source. Le DOI est un identifiant que chaque article en ligne a et c'est propre à cet article. Autrement, deux artciles ne peuvent pas avoir le mm DOI.\n\n    Pour ce faire une fois que nous avons écrit notre citation, pour la sourcer nous insérons le DOI du fichier dans `Insert - Citation - DOI` et nous ajoutons le DOI du fichier. Automatiquement il insère ce fichier dans notre référence bibligraphique en bas. Ainsi il est important d'insérer un titre référence après le document que nous écrivons.\n\n    Par exmple\n\n    La vulgariation scientique est un prealable au developpement de l'Afrique [@coulombe2009].\n\n    ## Diagrammes:\n\n    Nous avons la possibilité d'inclure des diagrammes sur un fichier Quarto. Cela necessite la maitrise de Mermaid et de Graphviz. Par exemple on a:\n\n    ```{mermaid}\n    flowchart LR   \n    A[ISE1] --> B(ISE2)  \n    B --> C{ISE3}  \n    C --> D[Evaluation d'impact]  \n    C --> E[Finance] \n    ```\n\nceci est un exemple de diagramme fait avec mermaid.\n\nde me nous pouvons utiliser du graphViz pour nos diagrammes; voici un exemple de diagramme\n\n```{dot}\ngraph G {\n  layout=neato\n  courir -- intr;\n  intr -- runbl;\n  runbl -- courir;\n  run -- noyau;\n  noyau -- zombie;\n  noyau -- dormir;\n  noyau -- runmem;\n  dormir -- swap;\n  swap -- runswap;\n  runswap -- nouveau;\n  runswap -- runmem;\n  nouveau -- runmem;\n  dormir -- runmem;\n  \n}\n```\n\nCela vous montre à quel point Quarto regroupe une large gamme de fonctionalité que vous pourrez utiliser dans vos travail.\n\nEgalement il est possible d'ajouter des forme sur un fichier :\n\npar exemple nous pouvons utiliser la syntaxe suivante dans un div `background: #2780e3; width: 350px; height: 350px; border-radius: 100px;`\n\n::: {style=\"background: #2780e3; width: 350px; height: 350px; border-radius: 100px;\"}\n:::\n\nEnfin, nous pouvons ajouter des notes à notre document Quarto en tilisant cette syntaxe:\n\n::: callout-note\nNous sommes ouvert à vos: `recommendations`, `conseils` et `suggestions.`\n\nMerci D'avoir pris du temps de visualiser cet document.\n:::\n\n***Ceci met fin a notre document, nous esperons que vous l'avez apprecié.***😊\n"},"formats":{"html":{"identifier":{"display-name":"HTML","target-format":"html","base-format":"html"},"execute":{"fig-width":7,"fig-height":5,"fig-format":"retina","fig-dpi":96,"df-print":"default","error":false,"eval":true,"cache":null,"freeze":false,"echo":true,"output":true,"warning":false,"include":true,"keep-md":false,"keep-ipynb":false,"ipynb":null,"enabled":null,"daemon":null,"daemon-restart":false,"debug":false,"ipynb-filters":[],"ipynb-shell-interactivity":null,"plotly-connected":true,"engine":"knitr"},"render":{"keep-tex":false,"keep-typ":false,"keep-source":false,"keep-hidden":false,"prefer-html":false,"output-divs":true,"output-ext":"html","fig-align":"default","fig-pos":null,"fig-env":null,"code-fold":true,"code-overflow":"scroll","code-link":false,"code-line-numbers":false,"code-tools":false,"tbl-colwidths":"auto","merge-includes":true,"inline-includes":false,"preserve-yaml":false,"latex-auto-mk":true,"latex-auto-install":true,"latex-clean":true,"latex-min-runs":1,"latex-max-runs":10,"latex-makeindex":"makeindex","latex-makeindex-opts":[],"latex-tlmgr-opts":[],"latex-input-paths":[],"latex-output-dir":null,"link-external-icon":false,"link-external-newwindow":false,"self-contained-math":false,"format-resources":[],"notebook-links":true},"pandoc":{"standalone":true,"wrap":"none","default-image-extension":"png","to":"html","toc":true,"highlight-style":"github","html-math-method":"katex","output-file":"quarto_pdf.html"},"language":{"toc-title-document":"Table of contents","toc-title-website":"On this page","related-formats-title":"Other Formats","related-notebooks-title":"Notebooks","source-notebooks-prefix":"Source","other-links-title":"Other Links","code-links-title":"Code Links","launch-dev-container-title":"Launch Dev Container","launch-binder-title":"Launch Binder","article-notebook-label":"Article Notebook","notebook-preview-download":"Download Notebook","notebook-preview-download-src":"Download Source","notebook-preview-back":"Back to Article","manuscript-meca-bundle":"MECA Bundle","section-title-abstract":"Abstract","section-title-appendices":"Appendices","section-title-footnotes":"Footnotes","section-title-references":"References","section-title-reuse":"Reuse","section-title-copyright":"Copyright","section-title-citation":"Citation","appendix-attribution-cite-as":"For attribution, please cite this work as:","appendix-attribution-bibtex":"BibTeX citation:","title-block-author-single":"Author","title-block-author-plural":"Authors","title-block-affiliation-single":"Affiliation","title-block-affiliation-plural":"Affiliations","title-block-published":"Published","title-block-modified":"Modified","title-block-keywords":"Keywords","callout-tip-title":"Tip","callout-note-title":"Note","callout-warning-title":"Warning","callout-important-title":"Important","callout-caution-title":"Caution","code-summary":"Code","code-tools-menu-caption":"Code","code-tools-show-all-code":"Show All Code","code-tools-hide-all-code":"Hide All Code","code-tools-view-source":"View Source","code-tools-source-code":"Source Code","tools-share":"Share","tools-download":"Download","code-line":"Line","code-lines":"Lines","copy-button-tooltip":"Copy to Clipboard","copy-button-tooltip-success":"Copied!","repo-action-links-edit":"Edit this page","repo-action-links-source":"View source","repo-action-links-issue":"Report an issue","back-to-top":"Back to top","search-no-results-text":"No results","search-matching-documents-text":"matching documents","search-copy-link-title":"Copy link to search","search-hide-matches-text":"Hide additional matches","search-more-match-text":"more match in this document","search-more-matches-text":"more matches in this document","search-clear-button-title":"Clear","search-text-placeholder":"","search-detached-cancel-button-title":"Cancel","search-submit-button-title":"Submit","search-label":"Search","toggle-section":"Toggle section","toggle-sidebar":"Toggle sidebar navigation","toggle-dark-mode":"Toggle dark mode","toggle-reader-mode":"Toggle reader mode","toggle-navigation":"Toggle navigation","crossref-fig-title":"Figure","crossref-tbl-title":"Table","crossref-lst-title":"Listing","crossref-thm-title":"Theorem","crossref-lem-title":"Lemma","crossref-cor-title":"Corollary","crossref-prp-title":"Proposition","crossref-cnj-title":"Conjecture","crossref-def-title":"Definition","crossref-exm-title":"Example","crossref-exr-title":"Exercise","crossref-ch-prefix":"Chapter","crossref-apx-prefix":"Appendix","crossref-sec-prefix":"Section","crossref-eq-prefix":"Equation","crossref-lof-title":"List of Figures","crossref-lot-title":"List of Tables","crossref-lol-title":"List of Listings","environment-proof-title":"Proof","environment-remark-title":"Remark","environment-solution-title":"Solution","listing-page-order-by":"Order By","listing-page-order-by-default":"Default","listing-page-order-by-date-asc":"Oldest","listing-page-order-by-date-desc":"Newest","listing-page-order-by-number-desc":"High to Low","listing-page-order-by-number-asc":"Low to High","listing-page-field-date":"Date","listing-page-field-title":"Title","listing-page-field-description":"Description","listing-page-field-author":"Author","listing-page-field-filename":"File Name","listing-page-field-filemodified":"Modified","listing-page-field-subtitle":"Subtitle","listing-page-field-readingtime":"Reading Time","listing-page-field-wordcount":"Word Count","listing-page-field-categories":"Categories","listing-page-minutes-compact":"{0} min","listing-page-category-all":"All","listing-page-no-matches":"No matching items","listing-page-words":"{0} words"},"metadata":{"lang":"en","fig-responsive":true,"quarto-version":"1.4.554","editor":"visual","title":"Quarto-Document","date":"rsys.date","author":" Document rédigé par Yatabare Cheikna Amala","lof":true,"fontsize":"12pt","linestretch":1.25,"df_print":"kable"},"extensions":{"book":{"multiFile":true}}},"pdf":{"identifier":{"display-name":"PDF","target-format":"pdf","base-format":"pdf"},"execute":{"fig-width":5.5,"fig-height":3.5,"fig-format":"pdf","fig-dpi":300,"df-print":"default","error":false,"eval":true,"cache":null,"freeze":false,"echo":true,"output":true,"warning":false,"include":true,"keep-md":false,"keep-ipynb":false,"ipynb":null,"enabled":null,"daemon":null,"daemon-restart":false,"debug":false,"ipynb-filters":[],"ipynb-shell-interactivity":null,"plotly-connected":true,"engine":"knitr"},"render":{"keep-tex":false,"keep-typ":false,"keep-source":false,"keep-hidden":false,"prefer-html":false,"output-divs":true,"output-ext":"pdf","fig-align":"default","fig-pos":null,"fig-env":null,"code-fold":true,"code-overflow":"scroll","code-link":false,"code-line-numbers":false,"code-tools":false,"tbl-colwidths":true,"merge-includes":true,"inline-includes":false,"preserve-yaml":false,"latex-auto-mk":true,"latex-auto-install":true,"latex-clean":true,"latex-min-runs":1,"latex-max-runs":10,"latex-makeindex":"makeindex","latex-makeindex-opts":[],"latex-tlmgr-opts":[],"latex-input-paths":[],"latex-output-dir":null,"link-external-icon":false,"link-external-newwindow":false,"self-contained-math":false,"format-resources":[]},"pandoc":{"pdf-engine":"xelatex","standalone":true,"variables":{"graphics":true,"tables":true},"default-image-extension":"pdf","to":"pdf","toc":true,"highlight-style":"github","output-file":"quarto_pdf.pdf"},"language":{"toc-title-document":"Table of contents","toc-title-website":"On this page","related-formats-title":"Other Formats","related-notebooks-title":"Notebooks","source-notebooks-prefix":"Source","other-links-title":"Other Links","code-links-title":"Code Links","launch-dev-container-title":"Launch Dev Container","launch-binder-title":"Launch Binder","article-notebook-label":"Article Notebook","notebook-preview-download":"Download Notebook","notebook-preview-download-src":"Download Source","notebook-preview-back":"Back to Article","manuscript-meca-bundle":"MECA Bundle","section-title-abstract":"Abstract","section-title-appendices":"Appendices","section-title-footnotes":"Footnotes","section-title-references":"References","section-title-reuse":"Reuse","section-title-copyright":"Copyright","section-title-citation":"Citation","appendix-attribution-cite-as":"For attribution, please cite this work as:","appendix-attribution-bibtex":"BibTeX citation:","title-block-author-single":"Author","title-block-author-plural":"Authors","title-block-affiliation-single":"Affiliation","title-block-affiliation-plural":"Affiliations","title-block-published":"Published","title-block-modified":"Modified","title-block-keywords":"Keywords","callout-tip-title":"Tip","callout-note-title":"Note","callout-warning-title":"Warning","callout-important-title":"Important","callout-caution-title":"Caution","code-summary":"Code","code-tools-menu-caption":"Code","code-tools-show-all-code":"Show All Code","code-tools-hide-all-code":"Hide All Code","code-tools-view-source":"View Source","code-tools-source-code":"Source Code","tools-share":"Share","tools-download":"Download","code-line":"Line","code-lines":"Lines","copy-button-tooltip":"Copy to Clipboard","copy-button-tooltip-success":"Copied!","repo-action-links-edit":"Edit this page","repo-action-links-source":"View source","repo-action-links-issue":"Report an issue","back-to-top":"Back to top","search-no-results-text":"No results","search-matching-documents-text":"matching documents","search-copy-link-title":"Copy link to search","search-hide-matches-text":"Hide additional matches","search-more-match-text":"more match in this document","search-more-matches-text":"more matches in this document","search-clear-button-title":"Clear","search-text-placeholder":"","search-detached-cancel-button-title":"Cancel","search-submit-button-title":"Submit","search-label":"Search","toggle-section":"Toggle section","toggle-sidebar":"Toggle sidebar navigation","toggle-dark-mode":"Toggle dark mode","toggle-reader-mode":"Toggle reader mode","toggle-navigation":"Toggle navigation","crossref-fig-title":"Figure","crossref-tbl-title":"Table","crossref-lst-title":"Listing","crossref-thm-title":"Theorem","crossref-lem-title":"Lemma","crossref-cor-title":"Corollary","crossref-prp-title":"Proposition","crossref-cnj-title":"Conjecture","crossref-def-title":"Definition","crossref-exm-title":"Example","crossref-exr-title":"Exercise","crossref-ch-prefix":"Chapter","crossref-apx-prefix":"Appendix","crossref-sec-prefix":"Section","crossref-eq-prefix":"Equation","crossref-lof-title":"List of Figures","crossref-lot-title":"List of Tables","crossref-lol-title":"List of Listings","environment-proof-title":"Proof","environment-remark-title":"Remark","environment-solution-title":"Solution","listing-page-order-by":"Order By","listing-page-order-by-default":"Default","listing-page-order-by-date-asc":"Oldest","listing-page-order-by-date-desc":"Newest","listing-page-order-by-number-desc":"High to Low","listing-page-order-by-number-asc":"Low to High","listing-page-field-date":"Date","listing-page-field-title":"Title","listing-page-field-description":"Description","listing-page-field-author":"Author","listing-page-field-filename":"File Name","listing-page-field-filemodified":"Modified","listing-page-field-subtitle":"Subtitle","listing-page-field-readingtime":"Reading Time","listing-page-field-wordcount":"Word Count","listing-page-field-categories":"Categories","listing-page-minutes-compact":"{0} min","listing-page-category-all":"All","listing-page-no-matches":"No matching items","listing-page-words":"{0} words"},"metadata":{"block-headings":true,"editor":"visual","title":"Quarto-Document","date":"rsys.date","author":" Document rédigé par Yatabare Cheikna Amala","lof":true,"fontsize":"12pt","linestretch":1.25,"geometry":["top=30mm","left=30mm"]},"extensions":{"book":{"selfContainedOutput":true}}},"docx":{"identifier":{"display-name":"MS Word","target-format":"docx","base-format":"docx"},"execute":{"fig-width":5,"fig-height":4,"fig-format":"png","fig-dpi":96,"df-print":"default","error":false,"eval":true,"cache":null,"freeze":false,"echo":true,"output":true,"warning":false,"include":true,"keep-md":false,"keep-ipynb":false,"ipynb":null,"enabled":null,"daemon":null,"daemon-restart":false,"debug":false,"ipynb-filters":[],"ipynb-shell-interactivity":null,"plotly-connected":true,"engine":"knitr"},"render":{"keep-tex":false,"keep-typ":false,"keep-source":false,"keep-hidden":false,"prefer-html":false,"output-divs":true,"output-ext":"docx","fig-align":"default","fig-pos":null,"fig-env":null,"code-fold":true,"code-overflow":"scroll","code-link":false,"code-line-numbers":false,"code-tools":false,"tbl-colwidths":true,"merge-includes":true,"inline-includes":false,"preserve-yaml":false,"latex-auto-mk":true,"latex-auto-install":true,"latex-clean":true,"latex-min-runs":1,"latex-max-runs":10,"latex-makeindex":"makeindex","latex-makeindex-opts":[],"latex-tlmgr-opts":[],"latex-input-paths":[],"latex-output-dir":null,"link-external-icon":false,"link-external-newwindow":false,"self-contained-math":false,"format-resources":[],"page-width":6.5},"pandoc":{"default-image-extension":"png","to":"docx","toc":true,"highlight-style":"github","output-file":"quarto_pdf.docx"},"language":{"toc-title-document":"Table of contents","toc-title-website":"On this page","related-formats-title":"Other Formats","related-notebooks-title":"Notebooks","source-notebooks-prefix":"Source","other-links-title":"Other Links","code-links-title":"Code Links","launch-dev-container-title":"Launch Dev Container","launch-binder-title":"Launch Binder","article-notebook-label":"Article Notebook","notebook-preview-download":"Download Notebook","notebook-preview-download-src":"Download Source","notebook-preview-back":"Back to Article","manuscript-meca-bundle":"MECA Bundle","section-title-abstract":"Abstract","section-title-appendices":"Appendices","section-title-footnotes":"Footnotes","section-title-references":"References","section-title-reuse":"Reuse","section-title-copyright":"Copyright","section-title-citation":"Citation","appendix-attribution-cite-as":"For attribution, please cite this work as:","appendix-attribution-bibtex":"BibTeX citation:","title-block-author-single":"Author","title-block-author-plural":"Authors","title-block-affiliation-single":"Affiliation","title-block-affiliation-plural":"Affiliations","title-block-published":"Published","title-block-modified":"Modified","title-block-keywords":"Keywords","callout-tip-title":"Tip","callout-note-title":"Note","callout-warning-title":"Warning","callout-important-title":"Important","callout-caution-title":"Caution","code-summary":"Code","code-tools-menu-caption":"Code","code-tools-show-all-code":"Show All Code","code-tools-hide-all-code":"Hide All Code","code-tools-view-source":"View Source","code-tools-source-code":"Source Code","tools-share":"Share","tools-download":"Download","code-line":"Line","code-lines":"Lines","copy-button-tooltip":"Copy to Clipboard","copy-button-tooltip-success":"Copied!","repo-action-links-edit":"Edit this page","repo-action-links-source":"View source","repo-action-links-issue":"Report an issue","back-to-top":"Back to top","search-no-results-text":"No results","search-matching-documents-text":"matching documents","search-copy-link-title":"Copy link to search","search-hide-matches-text":"Hide additional matches","search-more-match-text":"more match in this document","search-more-matches-text":"more matches in this document","search-clear-button-title":"Clear","search-text-placeholder":"","search-detached-cancel-button-title":"Cancel","search-submit-button-title":"Submit","search-label":"Search","toggle-section":"Toggle section","toggle-sidebar":"Toggle sidebar navigation","toggle-dark-mode":"Toggle dark mode","toggle-reader-mode":"Toggle reader mode","toggle-navigation":"Toggle navigation","crossref-fig-title":"Figure","crossref-tbl-title":"Table","crossref-lst-title":"Listing","crossref-thm-title":"Theorem","crossref-lem-title":"Lemma","crossref-cor-title":"Corollary","crossref-prp-title":"Proposition","crossref-cnj-title":"Conjecture","crossref-def-title":"Definition","crossref-exm-title":"Example","crossref-exr-title":"Exercise","crossref-ch-prefix":"Chapter","crossref-apx-prefix":"Appendix","crossref-sec-prefix":"Section","crossref-eq-prefix":"Equation","crossref-lof-title":"List of Figures","crossref-lot-title":"List of Tables","crossref-lol-title":"List of Listings","environment-proof-title":"Proof","environment-remark-title":"Remark","environment-solution-title":"Solution","listing-page-order-by":"Order By","listing-page-order-by-default":"Default","listing-page-order-by-date-asc":"Oldest","listing-page-order-by-date-desc":"Newest","listing-page-order-by-number-desc":"High to Low","listing-page-order-by-number-asc":"Low to High","listing-page-field-date":"Date","listing-page-field-title":"Title","listing-page-field-description":"Description","listing-page-field-author":"Author","listing-page-field-filename":"File Name","listing-page-field-filemodified":"Modified","listing-page-field-subtitle":"Subtitle","listing-page-field-readingtime":"Reading Time","listing-page-field-wordcount":"Word Count","listing-page-field-categories":"Categories","listing-page-minutes-compact":"{0} min","listing-page-category-all":"All","listing-page-no-matches":"No matching items","listing-page-words":"{0} words"},"metadata":{"editor":"visual","title":"Quarto-Document","date":"rsys.date","author":" Document rédigé par Yatabare Cheikna Amala","lof":true,"fontsize":"12pt","linestretch":1.25},"extensions":{"book":{"selfContainedOutput":true}}}},"projectFormats":[]}